{
    "id": 1,
    "x": 0,
    "lx": 1000000,
    "dx": 5368,
    "qx": 0.005368,
    "dxc": 1000000,
    "Nx": 26565816.05,
    "Cx": 5276.456138,
    "Mx": 103402.4576,
    "vie_entiere": 0.1034024576,
    "atra": 0.005276456138,
    "prime_unique": 0.008498974543,
    "prime_annuelle": 0.0009937530374,
    "atra_15": 0.007384066044
}