{
    "id": 2,
    "x": 1,
    "lx": 994632,
    "dx": 726,
    "qx": 0.0007299182009,
    "dxc": 960997.1014,
    "Nx": 25565816.05,
    "Cx": 689.487022,
    "Mx": 98126.00149,
    "vie_entiere": 0.1021085301,
    "atra": 0.0007174704492,
    "prime_unique": 0.003579541607,
    "prime_annuelle": 0.0004167168622,
    "atra_15": 0.00202055347
}