{
    "id": 11,
    "x": 10,
    "lx": 990853,
    "dx": 312,
    "qx": 0.0003148802093,
    "dxc": 702434.3333,
    "Nx": 18013414.98,
    "Cx": 217.4107034,
    "Mx": 94903.48308,
    "vie_entiere": 0.1351065553,
    "atra": 0.0003095103601,
    "prime_unique": 0.006050355417,
    "prime_annuelle": 0.0007043580578,
    "atra_15": 0.001540600424
}