{
    "id": 101,
    "x": 100,
    "lx": 2955,
    "dx": 1855,
    "qx": 0.627749577,
    "dxc": 94.7376278,
    "Nx": 141.4200896,
    "Cx": 58.45730098,
    "Mx": 91.51598528,
    "vie_entiere": 0.9659940555,
    "atra": 0.6170441707,
    "prime_unique": 0.9659940555,
    "prime_annuelle": 0.6471215338,
    "atra_15": 0.7271107891
}