{
    "id": 102,
    "x": 101,
    "lx": 1100,
    "dx": 768,
    "qx": 0.6981818182,
    "dxc": 34.07354785,
    "Nx": 46.68246179,
    "Cx": 23.38383382,
    "Mx": 33.0586843,
    "vie_entiere": 0.9702155011,
    "atra": 0.6862752868,
    "prime_unique": 0.9702155011,
    "prime_annuelle": 0.708160689,
    "atra_15": 0.808559161
}