{
    "id": 103,
    "x": 102,
    "lx": 332,
    "dx": 254,
    "qx": 0.765060241,
    "dxc": 9.936247594,
    "Nx": 12.60891394,
    "Cx": 7.47218925,
    "Mx": 9.674850478,
    "vie_entiere": 0.9736925722,
    "atra": 0.75201319,
    "prime_unique": 0.9736925722,
    "prime_annuelle": 0.7673024438,
    "atra_15": 0.8858978706
}