{
    "id": 104,
    "x": 103,
    "lx": 78,
    "dx": 65,
    "qx": 0.8333333333,
    "dxc": 2.255477889,
    "Nx": 2.672666344,
    "Cx": 1.847511511,
    "Mx": 2.202661228,
    "vie_entiere": 0.9765829399,
    "atra": 0.8191219786,
    "prime_unique": 0.9765829399,
    "prime_annuelle": 0.8241437368,
    "atra_15": 0.9648493866
}