{
    "id": 105,
    "x": 104,
    "lx": 13,
    "dx": 11,
    "qx": 0.8461538462,
    "dxc": 0.3632009484,
    "Nx": 0.4171884546,
    "Cx": 0.302082893,
    "Mx": 0.3551497165,
    "vie_entiere": 0.9778325694,
    "atra": 0.8317238552,
    "prime_unique": 0.9778325694,
    "prime_annuelle": 0.8512932527,
    "atra_15": 0.9796751238
}