{
    "id": 106,
    "x": 105,
    "lx": 2,
    "dx": 2,
    "qx": 1,
    "dxc": 0.05398750626,
    "Nx": 0.05398750626,
    "Cx": 0.05306682354,
    "Mx": 0.05306682354,
    "vie_entiere": 0.9829463744,
    "atra": 0.9829463744,
    "prime_unique": 0.9829463744,
    "prime_annuelle": 0.9829463744,
    "atra_15": 1.15758397
}