{
    "id": 12,
    "x": 11,
    "lx": 990541,
    "dx": 313,
    "qx": 0.0003159889394,
    "dxc": 678466.8122,
    "Nx": 17310980.64,
    "Cx": 210.7319156,
    "Mx": 94686.07238,
    "vie_entiere": 0.1395588858,
    "atra": 0.0003106001823,
    "prime_unique": 0.00707366567,
    "prime_annuelle": 0.0008238187548,
    "atra_15": 0.001541882567
}