{
    "id": 13,
    "x": 12,
    "lx": 990228,
    "dx": 368,
    "qx": 0.0003716315838,
    "dxc": 655316.3519,
    "Nx": 16632513.83,
    "Cx": 239.3830777,
    "Mx": 94475.34046,
    "vie_entiere": 0.144167531,
    "atra": 0.0003652939179,
    "prime_unique": 0.008169507125,
    "prime_annuelle": 0.0009519406819,
    "atra_15": 0.001606228139
}