{
    "id": 14,
    "x": 13,
    "lx": 989860,
    "dx": 438,
    "qx": 0.0004424868163,
    "dxc": 632920.5948,
    "Nx": 15977197.48,
    "Cx": 275.2829973,
    "Mx": 94235.95739,
    "vie_entiere": 0.1488906478,
    "atra": 0.0004349408118,
    "prime_unique": 0.009268720408,
    "prime_annuelle": 0.001080670222,
    "atra_15": 0.001688165661
}