{
    "id": 15,
    "x": 14,
    "lx": 989422,
    "dx": 538,
    "qx": 0.0005437518066,
    "dxc": 611246.8945,
    "Nx": 15344276.88,
    "Cx": 326.6985475,
    "Mx": 93960.67439,
    "vie_entiere": 0.1537196757,
    "atra": 0.0005344788669,
    "prime_unique": 0.01035192863,
    "prime_annuelle": 0.001207758755,
    "atra_15": 0.001805269255
}