{
    "id": 16,
    "x": 15,
    "lx": 988884,
    "dx": 708,
    "qx": 0.0007159585958,
    "dxc": 590255.5825,
    "Nx": 14733029.99,
    "Cx": 415.3917204,
    "Mx": 93633.97584,
    "vie_entiere": 0.1586329357,
    "atra": 0.0007037489059,
    "prime_unique": 0.01139258457,
    "prime_annuelle": 0.001330083558,
    "atra_15": 0.002004410478
}