{
    "id": 17,
    "x": 16,
    "lx": 988176,
    "dx": 897,
    "qx": 0.0009077330354,
    "dxc": 569886.941,
    "Nx": 14142774.41,
    "Cx": 508.4832735,
    "Mx": 93218.58412,
    "vie_entiere": 0.1635738204,
    "atra": 0.000892252896,
    "prime_unique": 0.01231891114,
    "prime_annuelle": 0.001439149814,
    "atra_15": 0.002226179878
}