{
    "id": 18,
    "x": 17,
    "lx": 987279,
    "dx": 1113,
    "qx": 0.001127340904,
    "dxc": 550115.5902,
    "Nx": 13572887.47,
    "Cx": 609.5916969,
    "Mx": 92710.10085,
    "vie_entiere": 0.1685284011,
    "atra": 0.001108115654,
    "prime_unique": 0.01311719175,
    "prime_annuelle": 0.001533262354,
    "atra_15": 0.002480136063
}