{
    "id": 19,
    "x": 18,
    "lx": 986166,
    "dx": 1318,
    "qx": 0.001336488989,
    "dxc": 530913.4515,
    "Nx": 13022771.88,
    "Cx": 697.4594116,
    "Mx": 92100.50915,
    "vie_entiere": 0.1734755616,
    "atra": 0.001313697006,
    "prime_unique": 0.01375690029,
    "prime_annuelle": 0.001608734182,
    "atra_15": 0.002721996477
}