{
    "id": 20,
    "x": 19,
    "lx": 984848,
    "dx": 1466,
    "qx": 0.001488554579,
    "dxc": 512274.2914,
    "Nx": 12491858.42,
    "Cx": 749.5440299,
    "Mx": 91403.04974,
    "vie_entiere": 0.1784259942,
    "atra": 0.001463169326,
    "prime_unique": 0.01424194424,
    "prime_annuelle": 0.001665956017,
    "atra_15": 0.002897846266
}