{
    "id": 3,
    "x": 2,
    "lx": 993906,
    "dx": 555,
    "qx": 0.0005584029073,
    "dxc": 927821.8862,
    "Nx": 24604818.95,
    "Cx": 509.2629819,
    "Mx": 97436.51447,
    "vie_entiere": 0.1050164002,
    "atra": 0.0005488801132,
    "prime_unique": 0.003191532821,
    "prime_annuelle": 0.0003714325981,
    "atra_15": 0.001822211898
}