{
    "id": 21,
    "x": 20,
    "lx": 983382,
    "dx": 1552,
    "qx": 0.001578226976,
    "dxc": 494214.2446,
    "Nx": 11979584.13,
    "Cx": 766.6807273,
    "Mx": 90653.50571,
    "vie_entiere": 0.1834295687,
    "atra": 0.001551312484,
    "prime_unique": 0.01462821925,
    "prime_annuelle": 0.001711494277,
    "atra_15": 0.003001544099
}