{
    "id": 22,
    "x": 21,
    "lx": 981830,
    "dx": 1603,
    "qx": 0.001632665533,
    "dxc": 476748.0795,
    "Nx": 11485369.89,
    "Cx": 765.096124,
    "Mx": 89886.82498,
    "vie_entiere": 0.1885415565,
    "atra": 0.001604822666,
    "prime_unique": 0.01497150017,
    "prime_annuelle": 0.001751943921,
    "atra_15": 0.003064497254
}