{
    "id": 23,
    "x": 22,
    "lx": 980227,
    "dx": 1631,
    "qx": 0.001663900301,
    "dxc": 459874.1153,
    "Nx": 11008621.81,
    "Cx": 752.1355057,
    "Mx": 89121.72886,
    "vie_entiere": 0.1937959235,
    "atra": 0.001635524768,
    "prime_unique": 0.01530218071,
    "prime_annuelle": 0.001790908184,
    "atra_15": 0.003100617374
}