{
    "id": 24,
    "x": 23,
    "lx": 978596,
    "dx": 1653,
    "qx": 0.001689154666,
    "dxc": 443583.5079,
    "Nx": 10548747.69,
    "Cx": 736.503192,
    "Mx": 88369.59335,
    "vie_entiere": 0.1992174907,
    "atra": 0.001660348455,
    "prime_unique": 0.01566318536,
    "prime_annuelle": 0.001833449088,
    "atra_15": 0.003129821712
}