{
    "id": 25,
    "x": 24,
    "lx": 976943,
    "dx": 1681,
    "qx": 0.001720673571,
    "dxc": 427859.1563,
    "Nx": 10105164.19,
    "Cx": 723.6509616,
    "Mx": 87633.09016,
    "vie_entiere": 0.2048176108,
    "atra": 0.001691329848,
    "prime_unique": 0.01608105031,
    "prime_annuelle": 0.001882694246,
    "atra_15": 0.003166270409
}