{
    "id": 26,
    "x": 25,
    "lx": 975262,
    "dx": 1710,
    "qx": 0.001753374991,
    "dxc": 412679.179,
    "Nx": 9677305.029,
    "Cx": 711.2416662,
    "Mx": 86909.4392,
    "vie_entiere": 0.2105980714,
    "atra": 0.00172347359,
    "prime_unique": 0.01657849696,
    "prime_annuelle": 0.00194131157,
    "atra_15": 0.003204086576
}