{
    "id": 27,
    "x": 26,
    "lx": 973552,
    "dx": 1752,
    "qx": 0.001799595707,
    "dxc": 398024.7321,
    "Nx": 9264625.85,
    "Cx": 704.0683669,
    "Mx": 86198.19753,
    "vie_entiere": 0.2165649282,
    "atra": 0.001768906076,
    "prime_unique": 0.01715619545,
    "prime_annuelle": 0.002009405104,
    "atra_15": 0.00325753656
}