{
    "id": 28,
    "x": 27,
    "lx": 971800,
    "dx": 1796,
    "qx": 0.001848116896,
    "dxc": 383872.8971,
    "Nx": 8866601.118,
    "Cx": 697.3434291,
    "Mx": 85494.12917,
    "vie_entiere": 0.2227146793,
    "atra": 0.001816599803,
    "prime_unique": 0.01782179744,
    "prime_annuelle": 0.002087874948,
    "atra_15": 0.003313646827
}