{
    "id": 29,
    "x": 28,
    "lx": 970004,
    "dx": 1838,
    "qx": 0.001894837547,
    "dxc": 370206.2368,
    "Nx": 8482728.221,
    "Cx": 689.5178888,
    "Mx": 84796.78574,
    "vie_entiere": 0.2290528287,
    "atra": 0.001862523697,
    "prime_unique": 0.01858199519,
    "prime_annuelle": 0.002177536378,
    "atra_15": 0.003367674938
}