{
    "id": 30,
    "x": 29,
    "lx": 968166,
    "dx": 1885,
    "qx": 0.001946980167,
    "dxc": 357009.4262,
    "Nx": 8112521.984,
    "Cx": 683.2364628,
    "Mx": 84107.26785,
    "vie_entiere": 0.2355883673,
    "atra": 0.001913777096,
    "prime_unique": 0.01945981709,
    "prime_annuelle": 0.002281136628,
    "atra_15": 0.003427973054
}