{
    "id": 4,
    "x": 3,
    "lx": 993351,
    "dx": 473,
    "qx": 0.0004761660279,
    "dxc": 895945.6886,
    "Nx": 23676997.06,
    "Cx": 419.3435008,
    "Mx": 96927.25148,
    "vie_entiere": 0.1081842937,
    "atra": 0.0004680456707,
    "prime_unique": 0.003003858528,
    "prime_annuelle": 0.0003495278116,
    "atra_15": 0.001727112554
}