{
    "id": 31,
    "x": 30,
    "lx": 966281,
    "dx": 1927,
    "qx": 0.00199424391,
    "dxc": 344265.0589,
    "Nx": 7755512.558,
    "Cx": 674.8403562,
    "Mx": 83424.03138,
    "vie_entiere": 0.2423250029,
    "atra": 0.001960234821,
    "prime_unique": 0.02047727852,
    "prime_annuelle": 0.002401305629,
    "atra_15": 0.003482629202
}