{
    "id": 32,
    "x": 31,
    "lx": 964354,
    "dx": 1964,
    "qx": 0.00203659652,
    "dxc": 331959.9134,
    "Nx": 7411247.499,
    "Cx": 664.5389868,
    "Mx": 82749.19103,
    "vie_entiere": 0.2492746494,
    "atra": 0.002001865165,
    "prime_unique": 0.02166843923,
    "prime_annuelle": 0.002542132268,
    "atra_15": 0.003531606076
}