{
    "id": 33,
    "x": 32,
    "lx": 962390,
    "dx": 2028,
    "qx": 0.002107253816,
    "dxc": 320081.0097,
    "Nx": 7079287.586,
    "Cx": 662.9893962,
    "Mx": 82084.65204,
    "vie_entiere": 0.2564496161,
    "atra": 0.002071317498,
    "prime_unique": 0.02308230475,
    "prime_annuelle": 0.002709498671,
    "atra_15": 0.003613314704
}