{
    "id": 34,
    "x": 33,
    "lx": 960362,
    "dx": 2118,
    "qx": 0.002205418373,
    "dxc": 308605.3311,
    "Nx": 6759206.576,
    "Cx": 668.9971039,
    "Mx": 81421.66265,
    "vie_entiere": 0.2638375116,
    "atra": 0.002167807994,
    "prime_unique": 0.02470386555,
    "prime_annuelle": 0.002901732281,
    "atra_15": 0.003726832934
}