{
    "id": 35,
    "x": 34,
    "lx": 958244,
    "dx": 2244,
    "qx": 0.002341783512,
    "dxc": 297511.8138,
    "Nx": 6450601.245,
    "Cx": 684.8268584,
    "Mx": 80752.66554,
    "vie_entiere": 0.2714267528,
    "atra": 0.002301847613,
    "prime_unique": 0.0265329702,
    "prime_annuelle": 0.003118914023,
    "atra_15": 0.003884526604
}