{
    "id": 36,
    "x": 35,
    "lx": 956000,
    "dx": 2368,
    "qx": 0.002476987448,
    "dxc": 286777.8797,
    "Nx": 6153089.431,
    "Cx": 698.2312472,
    "Mx": 80067.83868,
    "vie_entiere": 0.2791980984,
    "atra": 0.002434745831,
    "prime_unique": 0.02855028684,
    "prime_annuelle": 0.003358845377,
    "atra_15": 0.004040877448
}