{
    "id": 37,
    "x": 36,
    "lx": 953632,
    "dx": 2516,
    "qx": 0.002638334284,
    "dxc": 276393.7532,
    "Nx": 5866311.551,
    "Cx": 716.7832851,
    "Mx": 79369.60744,
    "vie_entiere": 0.287161365,
    "atra": 0.002593341119,
    "prime_unique": 0.03077678912,
    "prime_annuelle": 0.003624201583,
    "atra_15": 0.00422746014
}