{
    "id": 38,
    "x": 37,
    "lx": 951116,
    "dx": 2671,
    "qx": 0.002808279957,
    "dxc": 266342.545,
    "Nx": 5589917.798,
    "Cx": 735.2089255,
    "Mx": 78652.82415,
    "vie_entiere": 0.2953070233,
    "atra": 0.002760388602,
    "prime_unique": 0.0331901207,
    "prime_annuelle": 0.003912503853,
    "atra_15": 0.004423986591
}