{
    "id": 39,
    "x": 38,
    "lx": 948445,
    "dx": 2849,
    "qx": 0.00300386422,
    "dxc": 256613.1213,
    "Nx": 5323575.253,
    "Cx": 757.6855106,
    "Mx": 77917.61523,
    "vie_entiere": 0.3036384688,
    "atra": 0.002952637444,
    "prime_unique": 0.03577719385,
    "prime_annuelle": 0.004222435192,
    "atra_15": 0.004650161699
}