{
    "id": 40,
    "x": 39,
    "lx": 945596,
    "dx": 3057,
    "qx": 0.003232881696,
    "dxc": 247190.6187,
    "Nx": 5066962.132,
    "Cx": 785.5098258,
    "Mx": 77159.92971,
    "vie_entiere": 0.3121474841,
    "atra": 0.003177749342,
    "prime_unique": 0.03851094997,
    "prime_annuelle": 0.004550970698,
    "atra_15": 0.004914999225
}