{
    "id": 5,
    "x": 4,
    "lx": 992878,
    "dx": 404,
    "qx": 0.000406897927,
    "dxc": 865235.8162,
    "Nx": 22781051.37,
    "Cx": 346.0587152,
    "Mx": 96507.90798,
    "vie_entiere": 0.111539428,
    "atra": 0.0003999588421,
    "prime_unique": 0.002943976135,
    "prime_annuelle": 0.0003425186011,
    "atra_15": 0.001647010402
}