{
    "id": 41,
    "x": 40,
    "lx": 942539,
    "dx": 3296,
    "qx": 0.003496937527,
    "dxc": 238059.4016,
    "Nx": 4819771.513,
    "Cx": 818.2820724,
    "Mx": 76374.41989,
    "vie_entiere": 0.3208208513,
    "atra": 0.003437302064,
    "prime_unique": 0.04136223181,
    "prime_annuelle": 0.004894776834,
    "atra_15": 0.005220355369
}