{
    "id": 42,
    "x": 41,
    "lx": 939243,
    "dx": 3584,
    "qx": 0.003815838926,
    "dxc": 229204.7563,
    "Nx": 4581712.112,
    "Cx": 859.6931862,
    "Mx": 75556.13782,
    "vie_entiere": 0.3296447205,
    "atra": 0.003750765037,
    "prime_unique": 0.04430058688,
    "prime_annuelle": 0.005250311943,
    "atra_15": 0.005589135338
}