{
    "id": 43,
    "x": 42,
    "lx": 935659,
    "dx": 3877,
    "qx": 0.004143603599,
    "dxc": 220608.8385,
    "Nx": 4352507.355,
    "Cx": 898.5265924,
    "Mx": 74696.44463,
    "vie_entiere": 0.3385922574,
    "atra": 0.004072940135,
    "prime_unique": 0.04729735715,
    "prime_annuelle": 0.005614073489,
    "atra_15": 0.005968164864
}