{
    "id": 44,
    "x": 43,
    "lx": 931782,
    "dx": 4194,
    "qx": 0.004501052821,
    "dxc": 212265.4328,
    "Nx": 4131898.517,
    "Cx": 939.1245854,
    "Mx": 73797.91804,
    "vie_entiere": 0.3476680921,
    "atra": 0.004424293552,
    "prime_unique": 0.05036245721,
    "prime_annuelle": 0.005987319312,
    "atra_15": 0.006381521825
}