{
    "id": 45,
    "x": 44,
    "lx": 927588,
    "dx": 4523,
    "qx": 0.004876087228,
    "dxc": 204164.2656,
    "Nx": 3919633.084,
    "Cx": 978.5454952,
    "Mx": 72858.79345,
    "vie_entiere": 0.3568635934,
    "atra": 0.004792932262,
    "prime_unique": 0.05348274355,
    "prime_annuelle": 0.006368445757,
    "atra_15": 0.006815214426
}