{
    "id": 46,
    "x": 45,
    "lx": 923065,
    "dx": 4866,
    "qx": 0.005271568091,
    "dxc": 196298.3022,
    "Nx": 3715468.819,
    "Cx": 1017.152777,
    "Mx": 71880.24796,
    "vie_entiere": 0.3661786533,
    "atra": 0.005181668742,
    "prime_unique": 0.0566657182,
    "prime_annuelle": 0.006758343429,
    "atra_15": 0.007272551462
}