{
    "id": 47,
    "x": 46,
    "lx": 918199,
    "dx": 5200,
    "qx": 0.005663260361,
    "dxc": 188660.3887,
    "Nx": 3519170.516,
    "Cx": 1050.212246,
    "Mx": 70863.09518,
    "vie_entiere": 0.375611943,
    "atra": 0.005566681239,
    "prime_unique": 0.05990398535,
    "prime_annuelle": 0.007156100875,
    "atra_15": 0.00772550734
}