{
    "id": 48,
    "x": 47,
    "lx": 912999,
    "dx": 5515,
    "qx": 0.006040532355,
    "dxc": 181248.2665,
    "Nx": 3330510.128,
    "Cx": 1076.165095,
    "Mx": 69812.88293,
    "vie_entiere": 0.3851782104,
    "atra": 0.005937519378,
    "prime_unique": 0.06321469976,
    "prime_annuelle": 0.007563897651,
    "atra_15": 0.008161787504
}