{
    "id": 49,
    "x": 48,
    "lx": 907484,
    "dx": 5815,
    "qx": 0.006407826474,
    "dxc": 174061.2855,
    "Nx": 3149261.861,
    "Cx": 1096.333675,
    "Mx": 68736.71784,
    "vie_entiere": 0.3948995185,
    "atra": 0.0062985498,
    "prime_unique": 0.06674796539,
    "prime_annuelle": 0.007999984528,
    "atra_15": 0.008586529177
}