{
    "id": 50,
    "x": 49,
    "lx": 901669,
    "dx": 6108,
    "qx": 0.006774104466,
    "dxc": 167097.5179,
    "Nx": 2975200.576,
    "Cx": 1112.632429,
    "Mx": 67640.38416,
    "vie_entiere": 0.4047958643,
    "atra": 0.006658581425,
    "prime_unique": 0.07059220049,
    "prime_annuelle": 0.008475495282,
    "atra_15": 0.009010095794
}