{
    "id": 6,
    "x": 5,
    "lx": 992474,
    "dx": 369,
    "qx": 0.0003717981529,
    "dxc": 835636.4768,
    "Nx": 21915815.56,
    "Cx": 305.38974,
    "Mx": 96161.84927,
    "vie_entiere": 0.1150761748,
    "atra": 0.0003654576464,
    "prime_unique": 0.003025087459,
    "prime_annuelle": 0.0003519349705,
    "atra_15": 0.00160642076
}