{
    "id": 51,
    "x": 50,
    "lx": 895561,
    "dx": 6395,
    "qx": 0.007140775447,
    "dxc": 160353.2191,
    "Nx": 2808103.058,
    "Cx": 1125.519139,
    "Mx": 66527.75174,
    "vie_entiere": 0.4148825455,
    "atra": 0.007018999336,
    "prime_unique": 0.07490296202,
    "prime_annuelle": 0.009009824936,
    "atra_15": 0.009434116866
}