{
    "id": 52,
    "x": 51,
    "lx": 889166,
    "dx": 6704,
    "qx": 0.007539649514,
    "dxc": 153824.3216,
    "Nx": 2647749.839,
    "Cx": 1140.002992,
    "Mx": 65402.2326,
    "vie_entiere": 0.4251748484,
    "atra": 0.007411071154,
    "prime_unique": 0.07970860267,
    "prime_annuelle": 0.009607477861,
    "atra_15": 0.009895377828
}