{
    "id": 53,
    "x": 52,
    "lx": 882462,
    "dx": 7027,
    "qx": 0.007962949113,
    "dxc": 147501.9711,
    "Nx": 2493925.517,
    "Cx": 1154.520342,
    "Mx": 64262.2296,
    "vie_entiere": 0.4356703109,
    "atra": 0.00782715196,
    "prime_unique": 0.08513265959,
    "prime_annuelle": 0.01028440828,
    "atra_15": 0.01038488466
}