{
    "id": 54,
    "x": 53,
    "lx": 875435,
    "dx": 7359,
    "qx": 0.008406106678,
    "dxc": 141379.1502,
    "Nx": 2346423.546,
    "Cx": 1168.180867,
    "Mx": 63107.70926,
    "vie_entiere": 0.4463721079,
    "atra": 0.008262752082,
    "prime_unique": 0.09119117457,
    "prime_annuelle": 0.01104413487,
    "atra_15": 0.01089735539
}