{
    "id": 55,
    "x": 54,
    "lx": 868076,
    "dx": 7711,
    "qx": 0.008882862791,
    "dxc": 135449.9536,
    "Nx": 2205044.396,
    "Cx": 1182.664714,
    "Mx": 61939.5284,
    "vie_entiere": 0.4572871881,
    "atra": 0.008731377774,
    "prime_unique": 0.09790177488,
    "prime_annuelle": 0.01189078545,
    "atra_15": 0.01144867973
}