{
    "id": 56,
    "x": 55,
    "lx": 860365,
    "dx": 8066,
    "qx": 0.009375090804,
    "dxc": 129707.0244,
    "Nx": 2069594.442,
    "Cx": 1195.277665,
    "Mx": 60756.86368,
    "vie_entiere": 0.46841614,
    "atra": 0.009215211516,
    "prime_unique": 0.1053966613,
    "prime_annuelle": 0.01284273583,
    "atra_15": 0.0120178959
}