{
    "id": 57,
    "x": 56,
    "lx": 852299,
    "dx": 8425,
    "qx": 0.009885028611,
    "dxc": 124145.9026,
    "Nx": 1939887.418,
    "Cx": 1206.257832,
    "Mx": 59561.58602,
    "vie_entiere": 0.4797708563,
    "atra": 0.009716453034,
    "prime_unique": 0.1136999816,
    "prime_annuelle": 0.01390631384,
    "atra_15": 0.0126075918
}