{
    "id": 58,
    "x": 57,
    "lx": 843874,
    "dx": 8941,
    "qx": 0.01059518364,
    "dxc": 118762.0453,
    "Nx": 1815741.515,
    "Cx": 1236.847005,
    "Mx": 58355.32818,
    "vie_entiere": 0.4913634492,
    "atra": 0.01041449735,
    "prime_unique": 0.1228658423,
    "prime_annuelle": 0.01509233773,
    "atra_15": 0.01342882041
}