{
    "id": 59,
    "x": 58,
    "lx": 834933,
    "dx": 9531,
    "qx": 0.01141528721,
    "dxc": 113530.1832,
    "Nx": 1696979.47,
    "Cx": 1273.878497,
    "Mx": 57118.48118,
    "vie_entiere": 0.503112737,
    "atra": 0.01122061518,
    "prime_unique": 0.1326386242,
    "prime_annuelle": 0.01637153274,
    "atra_15": 0.01437719433
}