{
    "id": 60,
    "x": 59,
    "lx": 825402,
    "dx": 10282,
    "qx": 0.01245696037,
    "dxc": 108438.844,
    "Nx": 1583449.287,
    "Cx": 1327.782031,
    "Mx": 55844.60268,
    "vie_entiere": 0.5149870714,
    "atra": 0.01224452403,
    "prime_unique": 0.1430022746,
    "prime_annuelle": 0.01774477539,
    "atra_15": 0.01558179297
}