{
    "id": 7,
    "x": 6,
    "lx": 992105,
    "dx": 332,
    "qx": 0.0003346419986,
    "dxc": 807078.0567,
    "Nx": 21080179.08,
    "Cx": 265.4763329,
    "Mx": 95856.45953,
    "vie_entiere": 0.1187697506,
    "atra": 0.0003289351392,
    "prime_unique": 0.003268426622,
    "prime_annuelle": 0.0003802395177,
    "atra_15": 0.001563453105
}