{
    "id": 61,
    "x": 60,
    "lx": 815120,
    "dx": 11026,
    "qx": 0.01352684267,
    "dxc": 103466.6914,
    "Nx": 1475010.443,
    "Cx": 1375.709783,
    "Mx": 54516.82065,
    "vie_entiere": 0.5269021355,
    "atra": 0.01329616096,
    "prime_unique": 0.1538428588,
    "prime_annuelle": 0.01919874001,
    "atra_15": 0.0168190129
}