{
    "id": 62,
    "x": 61,
    "lx": 804094,
    "dx": 11913,
    "qx": 0.01481543203,
    "dxc": 98615.56883,
    "Nx": 1371543.751,
    "Cx": 1436.11636,
    "Mx": 53141.11087,
    "vie_entiere": 0.5388714125,
    "atra": 0.0145627752,
    "prime_unique": 0.1652305379,
    "prime_annuelle": 0.02074614814,
    "atra_15": 0.01830914729
}