{
    "id": 63,
    "x": 62,
    "lx": 792181,
    "dx": 12791,
    "qx": 0.01614656246,
    "dxc": 93869.11746,
    "Nx": 1272928.183,
    "Cx": 1489.81601,
    "Mx": 51704.99451,
    "vie_entiere": 0.550820077,
    "atra": 0.01587120503,
    "prime_unique": 0.1770718394,
    "prime_annuelle": 0.02237580289,
    "atra_15": 0.01984847651
}