{
    "id": 64,
    "x": 63,
    "lx": 779390,
    "dx": 13653,
    "qx": 0.01751754577,
    "dxc": 89230.39023,
    "Nx": 1179059.065,
    "Cx": 1536.440967,
    "Mx": 50215.1785,
    "vie_entiere": 0.562758701,
    "atra": 0.01721880811,
    "prime_unique": 0.1894085437,
    "prime_annuelle": 0.02409681532,
    "atra_15": 0.02143389189
}