{
    "id": 65,
    "x": 64,
    "lx": 765737,
    "dx": 14647,
    "qx": 0.01912797736,
    "dxc": 84702.69835,
    "Nx": 1089828.675,
    "Cx": 1592.561161,
    "Mx": 48678.73753,
    "vie_entiere": 0.5747011428,
    "atra": 0.018801776,
    "prime_unique": 0.2022910344,
    "prime_annuelle": 0.02592035078,
    "atra_15": 0.02329620705
}