{
    "id": 66,
    "x": 65,
    "lx": 751090,
    "dx": 15611,
    "qx": 0.02078445992,
    "dxc": 80272.95367,
    "Nx": 1005125.977,
    "Cx": 1639.977208,
    "Mx": 47086.17637,
    "vie_entiere": 0.5865758543,
    "atra": 0.02043000952,
    "prime_unique": 0.2156242455,
    "prime_annuelle": 0.02783429703,
    "atra_15": 0.02521177591
}