{
    "id": 67,
    "x": 66,
    "lx": 735479,
    "dx": 16578,
    "qx": 0.02254041244,
    "dxc": 75946.39969,
    "Nx": 924853.0229,
    "Cx": 1682.669699,
    "Mx": 45446.19917,
    "vie_entiere": 0.5983983355,
    "atra": 0.02215601668,
    "prime_unique": 0.2294977487,
    "prime_annuelle": 0.02985484906,
    "atra_15": 0.02724237257
}