{
    "id": 68,
    "x": 67,
    "lx": 718901,
    "dx": 17371,
    "qx": 0.02416327144,
    "dxc": 71724.18988,
    "Nx": 848906.6232,
    "Cx": 1703.535582,
    "Mx": 43763.52947,
    "vie_entiere": 0.6101641516,
    "atra": 0.02375120005,
    "prime_unique": 0.2439768706,
    "prime_annuelle": 0.03199478047,
    "atra_15": 0.02911905889
}