{
    "id": 69,
    "x": 68,
    "lx": 701530,
    "dx": 18178,
    "qx": 0.02591193534,
    "dxc": 67624.25006,
    "Nx": 777182.4333,
    "Cx": 1722.39255,
    "Mx": 42059.99388,
    "vie_entiere": 0.6219661416,
    "atra": 0.0254700429,
    "prime_unique": 0.259301801,
    "prime_annuelle": 0.03429924701,
    "atra_15": 0.03114122694
}