{
    "id": 70,
    "x": 69,
    "lx": 683352,
    "dx": 18989,
    "qx": 0.0277880214,
    "dxc": 63644.42016,
    "Nx": 709558.1832,
    "Cx": 1738.392277,
    "Mx": 40337.60133,
    "vie_entiere": 0.6337963522,
    "atra": 0.02731413489,
    "prime_unique": 0.2755483362,
    "prime_annuelle": 0.03678749337,
    "atra_15": 0.03331074693
}