{
    "id": 8,
    "x": 7,
    "lx": 991773,
    "dx": 313,
    "qx": 0.0003155964117,
    "dxc": 779524.6131,
    "Nx": 20273101.02,
    "Cx": 241.8197201,
    "Mx": 95590.98319,
    "vie_entiere": 0.1226272803,
    "atra": 0.0003102143486,
    "prime_unique": 0.003695691322,
    "prime_annuelle": 0.0004299687351,
    "atra_15": 0.001541428645
}