{
    "id": 71,
    "x": 70,
    "lx": 664363,
    "dx": 19812,
    "qx": 0.02982104663,
    "dxc": 59783.447,
    "Nx": 645913.7631,
    "Cx": 1752.401672,
    "Mx": 38599.20906,
    "vie_entiere": 0.6456504433,
    "atra": 0.02931248966,
    "prime_unique": 0.2928675598,
    "prime_annuelle": 0.03949120586,
    "atra_15": 0.03566175254
}