{
    "id": 72,
    "x": 71,
    "lx": 644551,
    "dx": 20634,
    "qx": 0.03201298268,
    "dxc": 56039.26767,
    "Nx": 586130.3161,
    "Cx": 1763.390172,
    "Mx": 36846.80739,
    "vie_entiere": 0.6575176464,
    "atra": 0.03146704526,
    "prime_unique": 0.3114304941,
    "prime_annuelle": 0.04244735832,
    "atra_15": 0.03819652383
}