{
    "id": 73,
    "x": 72,
    "lx": 623917,
    "dx": 21427,
    "qx": 0.03434270905,
    "dxc": 52410.902,
    "Nx": 530091.0484,
    "Cx": 1769.236986,
    "Mx": 35083.41721,
    "vie_entiere": 0.6693915937,
    "atra": 0.03375704134,
    "prime_unique": 0.3313904046,
    "prime_annuelle": 0.04569518859,
    "atra_15": 0.04089063687
}