{
    "id": 74,
    "x": 73,
    "lx": 602490,
    "dx": 22187,
    "qx": 0.03682550748,
    "dxc": 48899.48757,
    "Nx": 477680.1464,
    "Cx": 1770.039155,
    "Mx": 33314.18023,
    "vie_entiere": 0.6812787185,
    "atra": 0.03619749906,
    "prime_unique": 0.3528350503,
    "prime_annuelle": 0.04927187804,
    "atra_15": 0.0437617636
}