{
    "id": 75,
    "x": 74,
    "lx": 580303,
    "dx": 22921,
    "qx": 0.03949833104,
    "dxc": 45506.02814,
    "Nx": 428780.6588,
    "Cx": 1766.75977,
    "Mx": 31544.14107,
    "vie_entiere": 0.6931859879,
    "atra": 0.03882474129,
    "prime_unique": 0.375739999,
    "prime_annuelle": 0.05320520574,
    "atra_15": 0.04685263682
}