{
    "id": 76,
    "x": 75,
    "lx": 557382,
    "dx": 23642,
    "qx": 0.04241615266,
    "dxc": 42230.54684,
    "Nx": 383274.6307,
    "Cx": 1760.70989,
    "Mx": 29777.3813,
    "vie_entiere": 0.7051147459,
    "atra": 0.04169280347,
    "prime_unique": 0.3999799394,
    "prime_annuelle": 0.05751363201,
    "atra_15": 0.05022682761
}