{
    "id": 77,
    "x": 76,
    "lx": 533740,
    "dx": 24351,
    "qx": 0.04562333721,
    "dxc": 39071.77731,
    "Nx": 341044.0839,
    "Cx": 1752.185336,
    "Mx": 28016.67141,
    "vie_entiere": 0.7170564878,
    "atra": 0.04484529389,
    "prime_unique": 0.4254231837,
    "prime_annuelle": 0.0622179236,
    "atra_15": 0.05393563987
}