{
    "id": 78,
    "x": 77,
    "lx": 509389,
    "dx": 25022,
    "qx": 0.04912159469,
    "dxc": 36028.20526,
    "Nx": 301972.3066,
    "Cx": 1739.582022,
    "Mx": 26264.48608,
    "vie_entiere": 0.7289979029,
    "atra": 0.04828389341,
    "prime_unique": 0.4519259471,
    "prime_annuelle": 0.06734102302,
    "atra_15": 0.05798105107
}