{
    "id": 79,
    "x": 78,
    "lx": 484367,
    "dx": 25672,
    "qx": 0.05300113344,
    "dxc": 33099.94431,
    "Nx": 265944.1013,
    "Cx": 1724.4168,
    "Mx": 24524.90405,
    "vie_entiere": 0.7409349038,
    "atra": 0.05209727195,
    "prime_unique": 0.4793156787,
    "prime_annuelle": 0.0729089016,
    "atra_15": 0.06246737876
}