{
    "id": 80,
    "x": 79,
    "lx": 458695,
    "dx": 26347,
    "qx": 0.05743903901,
    "dxc": 30285.61328,
    "Nx": 232844.157,
    "Cx": 1709.910436,
    "Mx": 22800.48725,
    "vie_entiere": 0.7528487881,
    "atra": 0.05645949514,
    "prime_unique": 0.5073553343,
    "prime_annuelle": 0.07893891627,
    "atra_15": 0.06759940605
}