{
    "id": 9,
    "x": 8,
    "lx": 991460,
    "dx": 313,
    "qx": 0.0003156960442,
    "dxc": 752926.1815,
    "Nx": 19493576.41,
    "Cx": 233.6422416,
    "Mx": 95349.16347,
    "vie_entiere": 0.1266381298,
    "atra": 0.0003103122821,
    "prime_unique": 0.004314704953,
    "prime_annuelle": 0.0005020479768,
    "atra_15": 0.001541543861
}