{
    "id": 81,
    "x": 80,
    "lx": 432348,
    "dx": 27049,
    "qx": 0.06256302793,
    "dxc": 27580.71184,
    "Nx": 202558.5437,
    "Cx": 1696.106254,
    "Mx": 21090.57682,
    "vie_entiere": 0.7646857318,
    "atra": 0.06149610147,
    "prime_unique": 0.5356820881,
    "prime_annuelle": 0.08541877004,
    "atra_15": 0.07352482526
}