{
    "id": 82,
    "x": 81,
    "lx": 405299,
    "dx": 27722,
    "qx": 0.06839888576,
    "dxc": 24980.84927,
    "Nx": 174977.8319,
    "Cx": 1679.523369,
    "Mx": 19394.47056,
    "vie_entiere": 0.7763735473,
    "atra": 0.06723243677,
    "prime_unique": 0.5638878323,
    "prime_annuelle": 0.09231302882,
    "atra_15": 0.08027345502
}