{
    "id": 83,
    "x": 82,
    "lx": 377577,
    "dx": 28260,
    "qx": 0.07484566062,
    "dxc": 22485.20485,
    "Nx": 149996.9826,
    "Cx": 1654.220123,
    "Mx": 17714.94719,
    "vie_entiere": 0.7878490463,
    "atra": 0.07356927074,
    "prime_unique": 0.5937257156,
    "prime_annuelle": 0.09993486036,
    "atra_15": 0.08772855382
}