{
    "id": 84,
    "x": 83,
    "lx": 349317,
    "dx": 28556,
    "qx": 0.081748097,
    "dxc": 20098.82593,
    "Nx": 127511.7777,
    "Cx": 1615.020969,
    "Mx": 16060.72707,
    "vie_entiere": 0.7990878238,
    "atra": 0.08035399556,
    "prime_unique": 0.627220461,
    "prime_annuelle": 0.1087248999,
    "atra_15": 0.09571058301
}