{
    "id": 85,
    "x": 84,
    "lx": 320761,
    "dx": 28543,
    "qx": 0.08898525694,
    "dxc": 17831.67648,
    "Nx": 107412.9518,
    "Cx": 1559.696365,
    "Mx": 14445.7061,
    "vie_entiere": 0.8101148604,
    "atra": 0.08746773568,
    "prime_unique": 0.6637283173,
    "prime_annuelle": 0.1187871158,
    "atra_15": 0.104079689
}