{
    "id": 86,
    "x": 85,
    "lx": 292218,
    "dx": 28248,
    "qx": 0.09666755641,
    "dxc": 15695.57504,
    "Nx": 89581.27533,
    "Cx": 1491.378223,
    "Mx": 12886.00974,
    "vie_entiere": 0.8209963447,
    "atra": 0.0950190241,
    "prime_unique": 0.7021286979,
    "prime_annuelle": 0.1302138435,
    "atra_15": 0.1129635578
}