{
    "id": 87,
    "x": 86,
    "lx": 263970,
    "dx": 27685,
    "qx": 0.1048793423,
    "dxc": 13698.86199,
    "Nx": 73885.70029,
    "Cx": 1412.226221,
    "Mx": 11394.63151,
    "vie_entiere": 0.8317940225,
    "atra": 0.1030907693,
    "prime_unique": 0.7407774016,
    "prime_annuelle": 0.1430516137,
    "atra_15": 0.1224597286
}