{
    "id": 88,
    "x": 87,
    "lx": 236285,
    "dx": 26840,
    "qx": 0.1135916372,
    "dxc": 11847.4728,
    "Nx": 60186.83831,
    "Cx": 1322.823509,
    "Mx": 9982.405293,
    "vie_entiere": 0.8425767639,
    "atra": 0.111654488,
    "prime_unique": 0.7777284875,
    "prime_annuelle": 0.1573329103,
    "atra_15": 0.1325346917
}