{
    "id": 89,
    "x": 88,
    "lx": 209445,
    "dx": 25718,
    "qx": 0.1227911862,
    "dxc": 10146.56905,
    "Nx": 48339.36551,
    "Cx": 1224.66198,
    "Mx": 8659.581784,
    "vie_entiere": 0.8534492536,
    "atra": 0.1206971513,
    "prime_unique": 0.8111525896,
    "prime_annuelle": 0.1731733392,
    "atra_15": 0.1431731192
}