{
    "id": 90,
    "x": 89,
    "lx": 183727,
    "dx": 24318,
    "qx": 0.1323594246,
    "dxc": 8599.671306,
    "Nx": 38192.79645,
    "Cx": 1118.836298,
    "Mx": 7434.919804,
    "vie_entiere": 0.8645586022,
    "atra": 0.1301022165,
    "prime_unique": 0.839796422,
    "prime_annuelle": 0.1909070615,
    "atra_15": 0.1542379018
}