{
    "id": 10,
    "x": 9,
    "lx": 991147,
    "dx": 294,
    "qx": 0.0002966260302,
    "dxc": 727235.2519,
    "Nx": 18740650.23,
    "Cx": 212.0381505,
    "Mx": 95115.52123,
    "vie_entiere": 0.1307905812,
    "atra": 0.000291567481,
    "prime_unique": 0.005104911354,
    "prime_annuelle": 0.0005941102874,
    "atra_15": 0.001519491154
}