{
    "id": 91,
    "x": 90,
    "lx": 159409,
    "dx": 22676,
    "qx": 0.1422504376,
    "dxc": 7209.105083,
    "Nx": 29593.12515,
    "Cx": 1008.009887,
    "Mx": 6316.083506,
    "vie_entiere": 0.876125876,
    "atra": 0.1398245518,
    "prime_unique": 0.8634313759,
    "prime_annuelle": 0.2113482906,
    "atra_15": 0.1656759433
}