{
    "id": 92,
    "x": 91,
    "lx": 136733,
    "dx": 21960,
    "qx": 0.1606049747,
    "dxc": 5974.499256,
    "Nx": 22384.02007,
    "Cx": 943.1707629,
    "Mx": 5308.073618,
    "vie_entiere": 0.8884549802,
    "atra": 0.1578660775,
    "prime_unique": 0.8829216822,
    "prime_annuelle": 0.2361523574,
    "atra_15": 0.1869012677
}