{
    "id": 93,
    "x": 92,
    "lx": 114773,
    "dx": 21943,
    "qx": 0.1911860803,
    "dxc": 4845.376768,
    "Nx": 16409.52081,
    "Cx": 910.5706489,
    "Mx": 4364.902855,
    "vie_entiere": 0.900838689,
    "atra": 0.1879256645,
    "prime_unique": 0.8988419711,
    "prime_annuelle": 0.2656126979,
    "atra_15": 0.2222654877
}