{
    "id": 94,
    "x": 93,
    "lx": 92830,
    "dx": 21051,
    "qx": 0.2267693634,
    "dxc": 3786.481329,
    "Nx": 11564.14404,
    "Cx": 844.014729,
    "Mx": 3454.332207,
    "vie_entiere": 0.9122802692,
    "atra": 0.2229021235,
    "prime_unique": 0.911698552,
    "prime_annuelle": 0.2985891184,
    "atra_15": 0.263414263
}