{
    "id": 95,
    "x": 94,
    "lx": 71779,
    "dx": 19222,
    "qx": 0.2677942016,
    "dxc": 2828.814849,
    "Nx": 7777.662712,
    "Cx": 744.6214069,
    "Mx": 2610.317478,
    "vie_entiere": 0.9227601016,
    "atra": 0.2632273396,
    "prime_unique": 0.9226345544,
    "prime_annuelle": 0.3355895503,
    "atra_15": 0.3108556936
}