{
    "id": 96,
    "x": 95,
    "lx": 52557,
    "dx": 16535,
    "qx": 0.3146108035,
    "dxc": 2001.231531,
    "Nx": 4948.847863,
    "Cx": 618.8719429,
    "Mx": 1865.696071,
    "vie_entiere": 0.9322739729,
    "atra": 0.3092455486,
    "prime_unique": 0.9322474559,
    "prime_annuelle": 0.3769894344,
    "atra_15": 0.3649947631
}