{
    "id": 97,
    "x": 96,
    "lx": 36022,
    "dx": 13233,
    "qx": 0.3673588363,
    "dxc": 1325.239103,
    "Nx": 2947.616331,
    "Cx": 478.5359365,
    "Mx": 1246.824128,
    "vie_entiere": 0.9408295644,
    "atra": 0.3610940362,
    "prime_unique": 0.9408295644,
    "prime_annuelle": 0.4229940357,
    "atra_15": 0.4259929838
}