{
    "id": 98,
    "x": 97,
    "lx": 22789,
    "dx": 9706,
    "qx": 0.4259072359,
    "dxc": 810.04909,
    "Nx": 1622.377229,
    "Cx": 339.1221697,
    "Mx": 768.2881911,
    "vie_entiere": 0.9484464591,
    "atra": 0.4186439734,
    "prime_unique": 0.9484464591,
    "prime_annuelle": 0.4735570603,
    "atra_15": 0.4936987922
}