{
    "id": 99,
    "x": 98,
    "lx": 13083,
    "dx": 6405,
    "qx": 0.4895666132,
    "dxc": 449.3172185,
    "Nx": 812.3281386,
    "Cx": 216.2194108,
    "Mx": 429.1660215,
    "vie_entiere": 0.9551515139,
    "atra": 0.4812177274,
    "prime_unique": 0.9551515139,
    "prime_annuelle": 0.5283160845,
    "atra_15": 0.5673149734
}