{
    "id": 100,
    "x": 99,
    "lx": 6678,
    "dx": 3723,
    "qx": 0.5575022462,
    "dxc": 221.5908305,
    "Nx": 363.0109201,
    "Cx": 121.4306254,
    "Mx": 212.9466107,
    "vie_entiere": 0.9609901737,
    "atra": 0.5479948116,
    "prime_unique": 0.9609901737,
    "prime_annuelle": 0.5866121345,
    "atra_15": 0.6458762489
}